id,white_elo,black_elo
0,2015,2151
1,1682,2039
2,1156,1223
3,1142,1754
4,2116,1450
5,2138,1728
6,2476,1512
7,1850,2134
8,2743,2026
9,2412,2268
10,1485,2272
11,1677,1547
12,2357,1996
13,1309,1122
14,2680,1233
15,1793,2842
16,1773,1822
17,1404,2003
18,1930,1731
19,2784,2111
20,2012,2796
21,1509,1597
22,1530,2723
23,2046,2337
24,2364,1367
25,2055,1502
26,1804,1427
27,2045,1738
28,2137,1528
29,1455,1245
30,2553,1533
31,2178,1645
32,2010,1802
33,2142,2772
34,2488,1738
35,2616,2859
36,1867,1356
37,2398,2056
38,2647,2823
39,2322,1541
40,1379,1662
41,1404,1707
42,1474,2687
43,2259,2581
44,2570,1416
45,1580,1375
46,1673,2062
47,1593,1867
48,1868,2077
49,2429,2273
50,2597,1472
51,2792,2449
52,1624,2385
53,1856,2503
54,1466,1928
55,2195,1784
56,1894,2299
57,1359,2271
58,2330,1562
59,1461,2771
60,2014,2584
61,1710,1777
62,2046,2354
63,1306,1826
64,1335,2478
65,1586,2013
66,2488,2392
67,1867,2330
68,2391,2274
69,1469,2437
70,2688,2726
71,2020,1195
72,1322,1710
73,2034,1717
74,1610,2392
75,2351,2532
76,1178,2629
77,1634,2037
78,1777,1325
79,1613,1839
80,2414,1713
81,2746,1191
82,1613,2455
83,1181,2815
84,1320,1184
85,1950,1210
86,2816,2072
87,2778,2817
88,1701,1855
89,1773,1752
90,2481,1027
91,2128,1273
92,1560,1162
93,1398,1593
94,1379,1360
95,2781,1627
96,2694,1660
97,1945,1643
98,2092,1982
99,2240,2444
100,2350,2684
101,2692,2235
102,1145,2052
103,2518,1118
104,1583,1261
105,2654,2016
106,1661,1707
107,1919,1883
108,1144,1343
109,2749,1548
110,1293,1438
111,2868,2837
112,2433,2569
113,2851,1436
114,1846,1142
115,1691,1047
116,1928,2149
117,2796,2199
118,2276,1537
119,2356,1294
120,1578,1307
121,1027,1562
122,2173,2148
123,2577,1340
124,2445,2286
125,2672,1199
126,2123,1551
127,2389,2734
128,1207,2086
129,2381,2756
130,2660,1411
131,1718,2160
132,2781,2478
133,1333,2622
134,1680,2824
135,1718,1916
136,1207,2154
137,1296,2404
138,1261,1991
139,2515,2386
140,2690,1212
141,1371,1404
142,1880,2083
143,1751,2114
144,1518,2131
145,2530,2605
146,1898,1761
147,1475,2385
148,2429,1998
149,1324,1214
150,1669,2315
151,1215,2167
152,2344,1674
153,2605,1040
154,1245,2259
155,1438,2223
156,1664,1125
157,2748,1969
158,1854,1219
159,1817,1227
160,1876,1767
161,1631,2541
162,2798,1700
163,2740,1732
164,1578,2091
165,2785,2626
166,2504,2730
167,1769,1355
168,2618,1861
169,1841,1173
170,2822,1740
171,1210,2021
172,2112,2351
173,1267,2318
174,1101,2738
175,1798,2446
176,1183,1271
177,1783,2543
178,2103,2241
179,1180,2200
180,2652,1030
181,2569,1644
182,1308,2664
183,1962,2737
184,1203,1701
185,1665,2052
186,2737,2848
187,2154,1681
188,2427,2680
189,2676,1597
190,2403,1284
191,1634,2018
192,1652,1638
193,2648,1549
194,1941,1035
195,2789,1472
196,2492,1028
197,1396,2436
198,1942,1417
199,2581,1806
200,1368,2277
201,1216,1181
202,2139,1515
203,2028,1961
204,1680,2197
205,2093,1474
206,1140,1364
207,2133,2624
208,2701,1305
209,1873,1977
210,1876,1386
211,1322,1971
212,2380,1741
213,1408,1534
214,2707,1969
215,2868,1784
216,1087,2020
217,1926,2299
218,2210,2746
219,2578,1584
220,1719,2838
221,1696,1810
222,1953,2209
223,2208,2064
224,1047,1203
225,2083,2488
226,1224,2866
227,1678,2694
228,1520,2258
229,1092,1208
230,1570,1469
231,2798,2448
232,1491,2117
233,2311,2077
234,2808,1787
235,1971,2705
236,1700,1866
237,2874,2200
238,2144,1453
239,2145,2613
240,1858,1811
241,1659,2694
242,1246,2857
243,1086,2005
244,1343,1637
245,2555,1663
246,2347,1154
247,1818,1123
248,1818,1919
249,2081,1848
250,2070,1369
251,2724,2784
252,2201,2229
253,2695,1523
254,2863,2880
255,1533,1573
256,2243,1295
257,2416,1907
258,1432,1879
259,2748,1506
260,1874,2326
261,2224,2062
262,2320,2091
263,1807,2446
264,1792,1802
265,1768,1127
266,2255,1226
267,2600,1235
268,1147,2236
269,2598,2120
270,1997,1329
271,1942,2201
272,1209,1687
273,2242,1656
274,2572,2573
275,1442,1867
276,1511,1591
277,2830,2640
278,2544,1282
279,1569,1321
280,2324,1391
281,2230,1419
282,2149,1272
283,2109,2137
284,2249,2852
285,2216,1134
286,1342,2562
287,2159,2863
288,2252,2701
289,1183,1254
290,1632,2676
291,1955,1672
292,1777,1695
293,1899,1719
294,1830,2704
295,1659,2823
296,1144,1309
297,2516,2739
298,1886,1954
299,2134,2232
300,2151,2699
301,1338,2427
302,1498,2567
303,1734,2553
304,2397,2302
305,2530,2253
306,1377,1292
307,1537,2592
308,2831,1917
309,2306,2787
310,2144,2079
311,1134,1909
312,2455,2126
313,1258,2089
314,1837,1786
315,1314,1211
316,1378,2793
317,2336,2852
318,1843,2450
319,2810,2030
320,1179,2814
321,2667,1867
322,1343,1219
323,2086,1788
324,2497,1327
325,1756,2570
326,1672,1110
327,2027,1701
328,2614,1426
329,2080,1144
330,1612,1901
331,1141,2212
332,1835,2628
333,1284,2128
334,1963,2719
335,1940,1576
336,1247,2703
337,2746,1610
338,1551,1883
339,1593,2540
340,1370,1247
341,1988,2568
342,2135,2187
343,1842,2077
344,2799,2696
345,2174,2184
346,1996,2341
347,1100,1178
348,2485,2589
349,2236,1524
350,1734,1533
351,1753,1989
352,1764,2474
353,1406,2161
354,1926,1556
355,2074,1938
356,1496,1727
357,2802,2430
358,2585,1512
359,2781,2226
360,2293,1136
361,1174,1179
362,1615,2115
363,2286,1228
364,1540,1655
365,2372,2258
366,2297,1466
367,2187,2252
368,1152,1191
369,1987,2098
370,2849,2050
371,1911,2575
372,2124,2311
373,2692,2376
374,2763,2245
375,1235,2348
376,2581,1863
377,1176,1815
378,1767,2352
379,2804,1173
380,1972,2043
381,2797,1732
382,1893,1285
383,2046,1402
384,1064,1884
385,1688,2004
386,2432,1750
387,2404,2145
388,1490,2610
389,1364,1416
390,1952,2627
391,2212,2374
392,2512,2032
393,2868,1098
394,2792,1883
395,2536,2336
396,2660,2368
397,2702,1662
398,1196,1476
399,1988,2638
400,1200,1571
401,1653,1332
402,2538,1338
403,2080,1907
404,1247,2116
405,2864,1624
406,2233,1698
407,1853,2754
408,2191,1371
409,1279,2842
410,1146,2414
411,2268,1847
412,2483,1220
413,2563,1762
414,1878,2185
415,1628,1508
416,2618,1037
417,1580,2502
418,1127,2114
419,2813,1627
420,1617,1434
421,1204,1625
422,2452,2222
423,2679,2537
424,1592,2764
425,2254,1303
426,1564,2055
427,2588,2757
428,1364,1857
429,1273,2522
430,2656,1442
431,1045,2312
432,2407,2166
433,1343,2257
434,1566,1485
435,1819,1870
436,1380,1964
437,1879,1029
438,2420,2540
439,1724,2216
440,1393,1868
441,2383,2157
442,2494,2810
443,2332,1741
444,1132,2230
445,1349,1508
446,1608,2762
447,1930,1489
448,1094,1755
449,2458,2414
450,2383,1327
451,2546,1389
452,1443,2463
453,1584,1269
454,1870,2517
455,2663,2291
456,1806,2270
457,2531,2651
458,1913,1703
459,2309,1465
460,1554,2458
461,1330,2477
462,1917,2235
463,1121,1301
464,2583,2260
465,1785,2360
466,1438,2393
467,2403,1432
468,2754,2404
469,2436,1701
470,2374,2329
471,1605,2629
472,1378,2533
473,1979,2518
474,1490,1294
475,2706,2451
476,2621,1489
477,2010,1519
478,2337,1362
479,1478,2649
480,2410,1833
481,2175,1793
482,1359,1799
483,2628,2341
484,2451,1928
485,2454,2598
486,1159,1739
487,2118,1511
488,2498,1665
489,2811,2674
490,1216,2825
491,2188,2347
492,2663,1742
493,2820,2234
494,2381,1198
495,1164,1914
496,1212,1272
497,1440,2178
498,2012,1445
499,2357,1157
500,1869,2768
501,2511,1467
502,1184,1633
503,1859,2538
504,2369,2643
505,2482,2411
506,1223,2467
507,1783,1759
508,2331,2212
509,2078,1986
510,2151,1944
511,1067,1026
512,2444,2440
513,2427,2565
514,2652,1331
515,2451,1137
516,2704,2605
517,1304,2175
518,1228,2128
519,2615,2467
520,2098,1882
521,2346,2549
522,2004,2519
523,2616,1097
524,1715,1717
525,1608,2777
526,1122,2853
527,1582,1245
528,1722,1041
529,2450,1466
530,1208,2631
531,2413,2185
532,2831,2335
533,2196,1622
534,1377,2852
535,2369,2275
536,1174,2622
537,2114,2416
538,1287,1589
539,2614,1780
540,1993,1360
541,1958,1784
542,1740,2347
543,2392,1412
544,2381,1565
545,1629,1610
546,2773,2124
547,2696,2025
548,1152,1026
549,2741,2306
550,1254,1708
551,1557,1211
552,1782,2276
553,1200,2215
554,2769,2032
555,1814,1998
556,1497,1816
557,1363,1539
558,1463,2549
559,1917,2015
560,1785,1676
561,1495,1480
562,1689,2586
563,1538,2203
564,1157,2055
565,2768,1716
566,2821,1726
567,2352,2132
568,2348,2348
569,1889,2724
570,1691,1998
571,2102,1609
572,1750,1189
573,2133,2264
574,2879,1859
575,2628,1690
576,1318,1955
577,2033,1111
578,2765,1278
579,2773,1555
580,2678,1365
581,2822,2725
582,2857,1826
583,2423,2128
584,1672,2087
585,2675,2562
586,1411,1306
587,2131,1803
588,2492,2689
589,2803,1268
590,1056,2226
591,2634,2247
592,2600,1959
593,1558,2734
594,1687,2798
595,2414,1207
596,1067,1749
597,2224,1556
598,1969,2246
599,2776,1780
600,2306,1663
601,2349,1539
602,1353,2227
603,2615,1428
604,2775,1915
605,1415,2501
606,1498,1401
607,2174,2315
608,1493,2692
609,1405,2081
610,1990,1396
611,2441,1829
612,1829,2263
613,1330,2749
614,2172,1548
615,2365,1255
616,2861,1603
617,2552,1315
618,1553,1475
619,2365,2880
620,2102,2710
621,2340,1850
622,1049,1634
623,2313,1130
624,1860,1993
625,2031,2169
626,2762,1775
627,1781,2097
628,2476,2685
629,2158,2804
630,2472,2849
631,2876,2675
632,2334,1984
633,1929,1933
634,2269,2035
635,2324,2360
636,1444,1710
637,2851,2087
638,1330,2404
639,1525,1395
640,2478,2317
641,2796,1553
642,2598,2648
643,2632,1161
644,1215,2224
645,1531,1960
646,2423,2015
647,1819,1704
648,2513,2537
649,1406,1715
650,2406,2637
651,2511,2566
652,1334,1348
653,1708,1767
654,2330,1619
655,1357,2675
656,1490,1486
657,1421,1626
658,1213,1214
659,1242,1524
660,1424,2275
661,2530,2706
662,2028,1259
663,1587,1896
664,1862,2164
665,1303,2490
666,1666,2812
667,1399,1191
668,1784,2078
669,2141,2436
670,1202,1417
671,1238,1250
672,1893,1202
673,1405,1574
674,1267,1742
675,1814,1963
676,2201,2212
677,1467,1348
678,1805,1792
679,2133,1132
680,2552,1511
681,1769,1445
682,1615,2745
683,2444,2708
684,2005,1900
685,1621,2273
686,1186,1339
687,2530,2120
688,2156,1365
689,1192,1583
690,2767,1586
691,1683,2365
692,2738,1090
693,2496,2528
694,2555,2095
695,1832,2259
696,2229,2475
697,1332,2432
698,2823,2254
699,1963,2194
700,1538,2814
701,1914,1525
702,1703,1381
703,1388,1204
704,2359,1650
705,2131,1189
706,2816,2730
707,1097,1521
708,1468,1179
709,1922,2251
710,2807,1954
711,1370,1811
712,1581,1683
713,1247,1444
714,1222,1712
715,2025,2585
716,1557,2222
717,2602,2661
718,1913,2296
719,1351,2840
720,1145,1139
721,2160,1878
722,1760,2501
723,2545,2862
724,1413,1242
725,1763,1959
726,1351,1026
727,2231,1624
728,1528,2761
729,1241,1633
730,2830,2518
731,2370,2065
732,2758,2700
733,1220,2781
734,2126,1247
735,1849,2299
736,1328,1735
737,1632,2691
738,1919,1694
739,2590,1505
740,1513,1532
741,2176,2259
742,2581,2287
743,1990,2716
744,2154,2673
745,2666,1783
746,1385,1765
747,1854,2491
748,2756,1198
749,1529,2165
750,2394,1977
751,1088,1799
752,1558,1251
753,2596,2568
754,2630,1873
755,2196,2260
756,2606,2729
757,2813,1811
758,2241,2373
759,1903,1070
760,1694,1792
761,2428,1433
762,1746,1861
763,2493,2340
764,2523,1090
765,2196,1974
766,1659,2230
767,2480,1245
768,2215,2511
769,1320,2054
770,2411,2017
771,2523,2250
772,2300,2453
773,1408,2102
774,1598,2005
775,2605,2646
776,1488,1227
777,1121,1812
778,1233,1960
779,2456,1373
780,2292,2631
781,1904,2562
782,2763,2762
783,2823,2495
784,2708,1970
785,2842,1502
786,2037,1392
787,1999,1218
788,2581,1497
789,2120,1636
790,2333,1269
791,1935,1742
792,2374,2033
793,2390,2634
794,1560,1574
795,2331,2710
796,1941,1273
797,2463,1512
798,2533,1377
799,2206,2085
800,1660,1204
801,2485,1730
802,1725,1677
803,2333,1097
804,1839,2416
805,1098,2145
806,2385,2510
807,2756,1225
808,1401,2468
809,2453,1674
810,2085,2823
811,2841,2085
812,2807,1252
813,1691,2578
814,2332,1167
815,2376,1316
816,1779,2815
817,1141,2694
818,2723,1921
819,2110,1709
820,1816,1162
821,1927,2512
822,2054,2069
823,1962,1635
824,2763,1441
825,1195,2358
826,2469,1170
827,2680,1215
828,1603,1898
829,2082,1791
830,1153,1056
831,2778,2426
832,2595,1220
833,1419,2395
834,2519,1652
835,2227,2341
836,1561,1147
837,1661,1997
838,2840,1519
839,2417,2500
840,1703,1699
841,1331,1299
842,1263,1886
843,2866,1990
844,1686,2851
845,1325,2664
846,2558,2047
847,1408,1806
848,1811,1873
849,2818,2602
850,2241,1199
851,1658,2365
852,1530,1053
853,1648,1082
854,2724,2584
855,1787,2850
856,1810,2687
857,1788,2475
858,1429,1258
859,2039,1836
860,2382,1500
861,2272,1395
862,2191,1540
863,2690,1894
864,1566,2472
865,2721,1025
866,1161,2287
867,2198,1253
868,1318,1271
869,2110,1549
870,1791,1060
871,1558,2607
872,2571,1211
873,1296,1628
874,2433,2678
875,1535,1898
876,1925,2543
877,2007,1531
878,1727,1178
879,1194,1593
880,1612,1783
881,2126,2705
882,2594,2283
883,2226,2660
884,1476,2167
885,2359,2442
886,2424,1546
887,1619,1571
888,2465,1199
889,2850,1701
890,1711,1328
891,1691,1433
892,1380,2815
893,1412,1921
894,1644,1682
895,2855,1486
896,2787,1748
897,1889,2130
898,2201,1048
899,2001,2118
900,2264,1451
901,2574,1694
902,2433,1618
903,2665,1084
904,2388,2726
905,1648,1700
906,1184,1983
907,2410,1962
908,2773,1456
909,2594,1107
910,2434,2726
911,1784,1194
912,1921,2439
913,1434,2616
914,1217,2317
915,1782,2306
916,1691,2794
917,1676,2248
918,2532,1431
919,2616,2576
920,2622,1219
921,2835,1673
922,1311,2488
923,2107,2516
924,2173,1387
925,1941,2703
926,1736,2183
927,1765,2068
928,1897,2254
929,1419,1598
930,1626,1847
931,2801,2061
932,1881,1415
933,2711,1843
934,2586,1966
935,1313,1355
936,2094,2127
937,1690,1216
938,1812,1452
939,1130,2421
940,1433,1241
941,1570,1530
942,2569,1205
943,1411,1754
944,2667,2290
945,1853,2228
946,1794,1833
947,2166,1882
948,2752,2208
949,2356,1994
950,1381,1191
951,2786,1327
952,2864,2671
953,1406,2290
954,1517,1928
955,1146,1259
956,2372,1676
957,1495,1430
958,2111,1968
959,2612,2172
960,1629,2019
961,1505,1196
962,1570,2509
963,1639,2749
964,1551,2173
965,2505,2815
966,2203,2629
967,2526,2640
968,2320,1575
969,1812,1438
970,2202,1404
971,2118,1499
972,2729,2302
973,2284,1724
974,1486,2239
975,2008,2161
976,1150,1318
977,1206,1615
978,2747,2568
979,1285,1235
980,1661,2557
981,1606,1551
982,1881,2823
983,2652,2552
984,1641,1577
985,2878,2575
986,2188,2565
987,2598,1506
988,1741,2849
989,1692,2298
990,2560,2240
991,2583,2765
992,2741,2141
993,2115,2467
994,2021,2406
995,1806,1872
996,2788,1642
997,1933,2495
998,2470,2539
999,2454,1967
1000,1586,2043
1001,2715,2058
1002,1949,2781
1003,1596,1654
1004,2834,1214
1005,2111,1343
1006,2494,2869
1007,1722,1170
1008,2274,1913
1009,2376,2200
1010,2817,2615
1011,1502,2283
1012,2758,2412
1013,2711,2735
1014,1988,2592
1015,2190,2102
1016,2545,1871
1017,2113,1947
1018,2866,1142
1019,1746,1694
1020,2414,2363
1021,2156,2126
1022,1347,1949
1023,2511,1827
1024,1127,1358
1025,1344,1843
1026,1386,1187
1027,2145,2244
1028,1817,2488
1029,1290,2120
1030,1638,2255
1031,2016,2374
1032,2370,1693
1033,1378,1599
1034,2172,2249
1035,2826,2688
1036,1712,1925
1037,1040,1515
1038,1108,1695
1039,1916,1907
1040,1499,1591
1041,2811,1778
1042,1137,2824
1043,2714,1990
1044,1286,1377
1045,1457,1864
1046,1306,1799
1047,2161,1504
1048,1512,1315
1049,1427,2743
1050,2155,1201
1051,2066,2360
1052,2435,1612
1053,1724,1618
1054,1642,2126
1055,1531,2659
1056,1073,2641
1057,2052,2710
1058,1123,1543
1059,1598,2326
1060,1444,2416
1061,2492,1848
1062,2536,1791
1063,1120,2435
1064,2710,2216
1065,1163,1044
1066,1707,2667
1067,1594,1797
1068,1633,2765
1069,1453,1889
1070,1949,2417
1071,2073,2678
1072,2029,2399
1073,2372,2390
1074,2340,2433
1075,2262,1348
1076,2393,1758
1077,1253,1539
1078,1731,1760
1079,1818,1565
1080,1185,1491
1081,2231,1898
1082,1295,2622
1083,1911,2684
1084,2281,2525
1085,1431,1426
1086,1556,2085
1087,1676,1188
1088,1094,2245
1089,1275,2131
1090,2300,2611
1091,2075,2844
1092,1130,1961
1093,2835,1706
1094,1778,1752
1095,2046,2702
1096,2817,2076
1097,2768,2119
1098,1387,1947
1099,1165,2466
1100,2548,1961
1101,1917,1128
1102,1772,1300
1103,2181,2041
1104,1922,2483
1105,2375,2206
1106,1571,1832
1107,1488,1269
1108,2670,2767
1109,1478,1052
1110,1282,1742
1111,1889,1647
1112,2225,1680
1113,2837,1061
1114,2493,2570
1115,1922,1499
1116,1336,2329
1117,2768,1817
1118,1986,2683
1119,2512,1927
1120,2381,1716
1121,1166,1579
1122,1795,1683
1123,2330,2207
1124,2574,1447
1125,1260,2594
1126,2062,2732
1127,1412,2832
1128,2656,1205
1129,1294,2105
1130,1967,1746
1131,1761,2261
1132,1229,1680
1133,2198,1385
1134,1734,1766
1135,2116,2088
1136,1139,2561
1137,2841,1132
1138,1619,2616
1139,1218,1828
1140,2641,1838
1141,2706,2004
1142,2609,1403
1143,2818,2102
1144,2420,1130
1145,1805,2627
1146,1746,1524
1147,2159,1857
1148,2702,2489
1149,2264,2100
1150,2362,1449
1151,1811,2674
1152,2212,2305
1153,1500,2723
1154,1371,1517
1155,1156,1177
1156,2283,1682
1157,2221,1070
1158,1632,1213
1159,1959,2690
1160,2730,1517
1161,1242,1275
1162,2845,2234
1163,2706,2030
1164,1258,1985
1165,1239,1894
1166,1165,1060
1167,2300,2495
1168,2551,2489
1169,2723,1835
1170,1271,1196
1171,1416,2654
1172,2484,1981
1173,1534,1188
1174,2347,2179
1175,1398,1300
1176,1093,2375
1177,2780,2706
1178,1540,2019
1179,2056,2318
1180,1676,2603
1181,1137,2181
1182,1995,2166
1183,1813,1454
1184,1226,2747
1185,2508,1701
1186,1999,1720
1187,2857,2277
1188,2428,2644
1189,2823,2664
1190,1494,2565
1191,1369,1820
1192,1233,1847
1193,1908,2672
1194,1411,2494
1195,1263,2167
1196,2652,1721
1197,1488,1361
1198,1682,1202
1199,1164,2732
1200,1448,2594
1201,2297,1512
1202,1572,2001
1203,2420,2727
1204,2869,1687
1205,1324,1696
1206,2062,2007
1207,2051,1283
1208,1760,1359
1209,1673,1247
1210,2312,1206
1211,1455,2109
1212,2398,1324
1213,2713,2135
1214,1181,2752
1215,1266,1799
1216,2165,1893
1217,2436,2304
1218,2693,2856
1219,2169,1651
1220,2089,2771
1221,2044,1190
1222,1136,2651
1223,1697,1920
1224,2123,1915
1225,1666,1315
1226,1993,1164
1227,2609,2038
1228,1639,2647
1229,1978,2268
1230,1366,2867
1231,1631,1383
1232,1238,1153
1233,2275,1710
1234,1292,1274
1235,2370,1995
1236,2832,2323
1237,1495,2071
1238,2843,1693
1239,1676,2351
1240,2331,2579
1241,2826,2230
1242,1974,2778
1243,2459,2604
1244,1591,2423
1245,1867,2707
1246,1927,2846
1247,1381,2686
1248,2776,1511
1249,1052,1693
1250,1025,1403
1251,1432,2022
1252,1188,1229
1253,1984,1148
1254,2874,1430
1255,2032,1862
1256,2451,1801
1257,1345,1669
1258,2362,1585
1259,1486,1315
1260,2322,1970
1261,1290,1604
1262,1311,2080
1263,2052,1821
1264,1833,2231
1265,2516,1083
1266,2823,2401
1267,2742,1553
1268,1608,2121
1269,2294,1080
1270,1697,2841
1271,1747,2715
1272,1984,2480
1273,2835,2667
1274,1269,2459
1275,1810,2381
1276,2827,1789
1277,2368,1939
1278,1556,1780
1279,2304,1548
1280,1078,1794
1281,2358,2367
1282,2219,2789
1283,2443,2217
1284,1647,2703
1285,2347,1340
1286,1155,2316
1287,1739,2410
1288,1789,1527
1289,1573,2376
1290,1116,2254
1291,1465,2118
1292,1900,2253
1293,2604,1392
1294,1958,1221
1295,1446,1739
1296,1718,2525
1297,1457,2479
1298,1758,2347
1299,1849,2225
1300,2276,2732
1301,1833,2165
1302,2250,2368
1303,2007,1654
1304,1564,1423
1305,2471,2207
1306,2260,2402
1307,1428,1622
1308,1850,2081
1309,1762,2141
1310,1341,2494
1311,1250,1888
1312,2562,2752
1313,2008,2015
1314,2484,2262
1315,2857,1419
1316,2687,2769
1317,2363,1336
1318,2156,2229
1319,1843,2410
1320,2511,1162
1321,1456,1465
1322,1797,2686
1323,1093,1833
1324,1592,2061
1325,2660,2180
1326,1564,2069
1327,1496,2378
1328,2095,1512
1329,2425,1684
1330,2413,1755
1331,1147,2809
1332,2362,1762
1333,1840,2573
1334,2486,2020
1335,2004,1727
1336,1806,1121
1337,1763,2537
1338,2858,1836
1339,2207,1980
1340,1355,2390
1341,2007,2516
1342,2717,2086
1343,1595,2714
1344,2309,1191
1345,1177,1788
1346,2427,2620
1347,2395,2730
1348,2447,2804
1349,2173,2781
1350,1703,2314
1351,2295,1071
1352,2446,2006
1353,1845,2807
1354,2075,1969
1355,1112,1493
1356,1224,2446
1357,2835,1329
1358,2283,2570
1359,1462,2709
1360,2851,1281
1361,2178,1677
1362,2045,2622
1363,1605,1881
1364,1102,1306
1365,2469,1444
1366,1398,2639
1367,1792,2210
1368,2362,2209
1369,1534,1457
1370,1382,2574
1371,2654,1991
1372,2841,1937
1373,2431,2181
1374,2432,1189
1375,2611,1696
1376,1670,1621
1377,2275,1296
1378,1985,2237
1379,1687,2131
1380,2874,2009
1381,2449,1500
1382,1927,1781
1383,2706,2227
1384,1558,1443
1385,2459,2804
1386,1991,2152
1387,2615,1341
1388,1807,2638
1389,1556,1893
1390,2273,1522
1391,2674,2015
1392,1546,2126
1393,2800,2691
1394,1047,1252
1395,1502,1815
1396,1421,1850
1397,1388,1688
1398,2346,2708
1399,1497,1364
1400,2813,1550
1401,1160,1722
1402,2273,1759
1403,2457,1237
1404,2652,2713
1405,1995,2365
1406,1252,1949
1407,1901,1740
1408,2412,2081
1409,1681,2294
1410,2325,2667
1411,1468,1736
1412,1690,1683
1413,1438,2175
1414,1554,2741
1415,2050,2671
1416,1067,1222
1417,1222,2230
1418,2091,2672
1419,2695,2713
1420,1130,1734
1421,1083,1921
1422,2809,1931
1423,1809,1384
1424,2072,2212
1425,1911,2855
1426,1611,2099
1427,1107,1487
1428,1059,2787
1429,2599,2409
1430,1357,1174
1431,2369,1159
1432,2213,1270
1433,2439,2577
1434,2081,2144
1435,2172,2508
1436,1520,1757
1437,2712,2340
1438,1415,2782
1439,2629,2035
1440,1810,1172
1441,2455,2826
1442,1452,2422
1443,1449,2543
1444,2734,1981
1445,1859,2270
1446,1291,1174
1447,2860,2465
1448,2254,2380
1449,2372,1515
1450,2087,2242
1451,2663,2167
1452,2417,2755
1453,1340,1307
1454,1319,1138
1455,1080,2702
1456,2819,1043
1457,2843,2275
1458,1702,2091
1459,1842,2224
1460,1552,2155
1461,2855,2219
1462,1307,2645
1463,1828,1660
1464,1177,1081
1465,2487,1425
1466,2690,2082
1467,2143,1939
1468,2849,1357
1469,2496,2855
1470,2123,1479
1471,1572,2643
1472,1465,2136
1473,1819,2623
1474,2047,2547
1475,2523,1558
1476,1297,1886
1477,1545,1638
1478,2512,1268
1479,2056,1505
1480,2837,2176
1481,2768,1510
1482,2229,1587
1483,1243,1697
1484,1240,1142
1485,1772,1209
1486,1383,2787
1487,1357,2609
1488,2816,2450
1489,2323,1602
1490,2216,1934
1491,2759,2370
1492,1083,2204
1493,2658,1100
1494,2709,1711
1495,2264,2214
1496,1311,2340
1497,1456,1339
1498,2184,2244
1499,1839,2331
1500,1285,2295
1501,1885,1756
1502,1301,1323
1503,2400,1127
1504,2160,2609
1505,1529,2724
1506,1782,2859
1507,1481,2464
1508,1159,2433
1509,2093,1963
1510,1681,2100
1511,2195,1887
1512,2829,1919
1513,1279,1533
1514,1157,1955
1515,1734,2509
1516,2766,1966
1517,2046,2613
1518,1891,1245
1519,1405,2684
1520,1737,2542
1521,1956,2390
1522,2432,1367
1523,2349,2516
1524,2306,2278
1525,1995,2351
1526,2476,2355
1527,2270,1511
1528,2639,1480
1529,2756,2007
1530,1991,2250
1531,2382,2801
1532,2610,1291
1533,1243,1177
1534,2591,2265
1535,2133,2801
1536,2089,2637
1537,1676,1538
1538,2002,2204
1539,1351,2416
1540,2838,2534
1541,1752,1570
1542,1891,1302
1543,1587,2366
1544,1279,1491
1545,2651,2807
1546,2740,1742
1547,2322,2807
1548,1154,2604
1549,2217,1836
1550,1292,1899
1551,1351,1573
1552,1303,2095
1553,1544,2707
1554,2040,1398
1555,1254,1136
1556,2854,2220
1557,2179,1835
1558,1762,2751
1559,1225,2814
1560,1487,2565
1561,1667,2801
1562,2840,1434
1563,2068,2709
1564,1175,2818
1565,1093,1320
1566,1392,1865
1567,2306,1386
1568,1820,2698
1569,2071,2860
1570,2516,2609
1571,2455,1984
1572,2832,1274
1573,1568,1451
1574,2817,2294
1575,1495,1218
1576,2114,1429
1577,1429,2193
1578,2709,2851
1579,1923,1240
1580,2389,2726
1581,1473,2562
1582,2832,2718
1583,2635,1372
1584,1493,1186
1585,1112,2418
1586,1159,2332
1587,2259,2473
1588,2072,1986
1589,2137,2773
1590,1370,2360
1591,1461,1459
1592,1795,1748
1593,1736,1986
1594,2751,1515
1595,1785,2500
1596,2732,1659
1597,1546,1614
1598,2076,1875
1599,1784,1163
1600,2273,1733
1601,2763,1940
1602,2304,2101
1603,1701,2297
1604,1046,1285
1605,2206,2440
1606,1412,2511
1607,2349,2425
1608,1742,2052
1609,1096,2487
1610,1232,2034
1611,1965,1139
1612,1837,1847
1613,2561,1399
1614,2769,2044
1615,1363,1771
1616,2741,1999
1617,1230,1239
1618,1919,2089
1619,1506,2729
1620,2564,1757
1621,2536,2124
1622,2717,1137
1623,1902,1664
1624,2232,2478
1625,1800,1041
1626,1729,2529
1627,2727,1731
1628,2080,1502
1629,1805,1230
1630,2035,1707
1631,1564,2773
1632,2354,1697
1633,1163,2174
1634,1676,2222
1635,1462,2703
1636,1532,2031
1637,2467,1919
1638,2455,1215
1639,2744,2458
1640,2446,2648
1641,2745,1984
1642,2769,2554
1643,2279,2206
1644,1248,1593
1645,2507,2401
1646,2749,1640
1647,2798,2085
1648,2211,2716
1649,2067,1808
1650,1270,2177
1651,2160,1490
1652,1630,1946
1653,1750,2396
1654,2219,2482
1655,1653,1632
1656,1898,2547
1657,2860,2474
1658,1170,1716
1659,2857,2441
1660,2196,2361
1661,2516,1987
1662,1545,2005
1663,2361,2571
1664,2601,2155
1665,1947,2362
1666,1996,1096
1667,1693,1963
1668,2336,1521
1669,2464,1243
1670,2560,1475
1671,2568,1253
1672,2190,2407
1673,2289,1456
1674,1506,1352
1675,1177,1649
1676,2585,1218
1677,2006,2010
1678,1854,2297
1679,2004,2258
1680,1308,1834
1681,2565,2578
1682,2152,2404
1683,2215,1479
1684,2566,1524
1685,1710,2749
1686,2876,1273
1687,2757,2478
1688,2198,1122
1689,2584,2221
1690,1344,1643
1691,1557,1207
1692,1433,1135
1693,2550,1692
1694,2191,1968
1695,2648,1126
1696,1555,1521
1697,1992,1977
1698,2773,2381
1699,1336,2805
1700,1363,1026
1701,2090,2371
1702,2381,1446
1703,1132,1917
1704,2691,2198
1705,1805,2350
1706,1032,2333
1707,2356,1898
1708,1568,1785
1709,2439,2860
1710,1132,1409
1711,2224,2268
1712,1813,2105
1713,2463,1881
1714,2633,2476
1715,2130,2701
1716,2031,1863
1717,1297,2328
1718,2593,1058
1719,1351,2780
1720,1152,1767
1721,2452,2478
1722,1568,2780
1723,1461,1883
1724,2126,1596
1725,2645,1989
1726,1184,1126
1727,2193,1209
1728,2450,1721
1729,2072,1306
1730,1242,2319
1731,2510,1885
1732,1755,2621
1733,1487,1330
1734,1719,2711
1735,1772,2676
1736,2497,2685
1737,1554,1136
1738,1766,1619
1739,2613,1891
1740,1872,2123
1741,2132,2689
1742,2796,2242
1743,2766,1616
1744,2096,2734
1745,2231,2739
1746,1293,2613
1747,1302,1713
1748,1314,2306
1749,1620,1214
1750,2703,2724
1751,2118,2021
1752,2327,1649
1753,2601,2524
1754,2047,1702
1755,1091,2751
1756,2289,1180
1757,1315,2451
1758,2729,1911
1759,2619,2689
1760,2279,1337
1761,1321,1139
1762,2699,1452
1763,2150,2802
1764,1247,1929
1765,2380,2163
1766,2143,2711
1767,2341,2632
1768,1421,1155
1769,1498,2754
1770,2836,2616
1771,2674,1127
1772,2751,1544
1773,1323,1767
1774,2623,1957
1775,2419,1104
1776,2040,2612
1777,2365,1313
1778,2578,2426
1779,1167,2105
1780,1207,2308
1781,2295,2032
1782,1380,2647
1783,1294,2403
1784,2446,1226
1785,1408,1376
1786,2147,2259
1787,2409,1556
1788,1805,1196
1789,2778,2200
1790,2806,2303
1791,1052,2738
1792,1499,1039
1793,1143,1201
1794,2575,1067
1795,1142,1774
1796,2817,1839
1797,2713,1677
1798,1832,2670
1799,2216,2660
1800,2425,2818
1801,2450,1330
1802,1281,2573
1803,2708,2497
1804,1982,1336
1805,2119,1754
1806,1509,2401
1807,2458,2211
1808,1993,1613
1809,1547,1640
1810,1103,1930
1811,2352,2074
1812,2754,1433
1813,2131,2529
1814,1545,2229
1815,2113,2103
1816,1605,2329
1817,1390,2256
1818,1188,1643
1819,2702,1992
1820,2684,2424
1821,1965,1381
1822,1949,2326
1823,1536,2126
1824,1513,2170
1825,2561,2253
1826,1482,2583
1827,1339,2547
1828,2539,2821
1829,2042,2753
1830,1431,2129
1831,2440,1193
1832,1637,2734
1833,2804,2523
1834,2663,2180
1835,2243,1851
1836,1748,1433
1837,2450,2737
1838,1442,1743
1839,2184,1139
1840,1362,2265
1841,1189,2524
1842,1775,1215
1843,2235,2679
1844,2330,1307
1845,2609,1027
1846,2877,2215
1847,2033,2821
1848,2427,2476
1849,1922,1898
1850,2487,2736
1851,2859,2061
1852,1686,2630
1853,1052,2092
1854,2441,2274
1855,2103,2211
1856,2800,2477
1857,1603,1426
1858,1708,1499
1859,2499,2386
1860,2123,1855
1861,1512,2075
1862,2063,2329
1863,2300,2321
1864,1369,1179
1865,2348,1328
1866,1907,1240
1867,2701,2804
1868,1841,2381
1869,2669,2721
1870,2088,1522
1871,2207,1312
1872,2801,2077
1873,2067,1392
1874,1206,1269
1875,2580,1489
1876,2360,2762
1877,2591,2427
1878,2151,1656
1879,1580,2365
1880,2545,1224
1881,2366,2625
1882,2762,1342
1883,1363,1412
1884,2171,1434
1885,2339,1154
1886,1450,1389
1887,1551,2709
1888,2060,1694
1889,2467,1365
1890,2735,2594
1891,1223,2104
1892,2117,2126
1893,2271,2424
1894,2732,2541
1895,1328,2591
1896,1500,2428
1897,2569,2768
1898,2512,2465
1899,1144,1342
1900,1723,1156
1901,2588,2741
1902,2427,1662
1903,1194,1994
1904,1803,2803
1905,1787,1882
1906,1877,1192
1907,1132,2043
1908,2847,2704
1909,2710,1409
1910,2505,2361
1911,2698,2417
1912,1951,1351
1913,2257,2861
1914,2157,2165
1915,1071,2094
1916,2139,1274
1917,1918,1954
1918,1437,1823
1919,1761,1543
1920,2572,2365
1921,1121,1762
1922,2599,1642
1923,1407,2640
1924,2518,2336
1925,2366,2738
1926,1737,1905
1927,2172,1204
1928,2744,2255
1929,1896,2153
1930,2564,2271
1931,1473,2741
1932,2655,2643
1933,1540,1754
1934,2040,2474
1935,2486,1884
1936,1693,2591
1937,1291,2371
1938,1381,1902
1939,1211,1323
1940,1547,1163
1941,2822,2551
1942,1960,1281
1943,1171,2026
1944,2624,2777
1945,2026,2421
1946,2216,2692
1947,1234,1899
1948,2660,2461
1949,2707,2497
1950,2570,1370
1951,2370,2498
1952,2654,1372
1953,1726,1819
1954,2507,2115
1955,1947,1131
1956,2061,1951
1957,1938,2807
1958,2027,2677
1959,2632,2344
1960,1991,2752
1961,1539,2490
1962,1747,1501
1963,1679,1259
1964,2089,2671
1965,1841,2064
1966,2280,2656
1967,2087,1444
1968,1121,1222
1969,2227,1523
1970,1216,1265
1971,1449,2346
1972,1877,1566
1973,2168,1925
1974,1745,1235
1975,2816,1499
1976,2332,1262
1977,1454,1203
1978,1399,2119
1979,2023,2380
1980,2395,1417
1981,1035,2213
1982,1272,1727
1983,2790,2094
1984,2653,1049
1985,1559,2370
1986,1999,1393
1987,1147,1392
1988,2355,1835
1989,2496,1488
1990,2687,2011
1991,2024,1430
1992,2748,1570
1993,2683,2853
1994,2348,2751
1995,2505,2098
1996,2105,1742
1997,2331,1652
1998,2398,1400
1999,1662,1534
2000,1591,1626
2001,1283,2702
2002,2845,2663
2003,2773,2634
2004,2436,1922
2005,2590,2662
2006,1288,1432
2007,1847,2672
2008,2027,2524
2009,1295,2286
2010,2174,2291
2011,1980,1309
2012,2090,2556
2013,2211,2233
2014,1904,1623
2015,2439,1864
2016,2278,2700
2017,2550,2364
2018,2427,1448
2019,1183,2212
2020,1724,2825
2021,1789,1496
2022,2539,2514
2023,1809,1528
2024,2175,2478
2025,1476,1037
2026,1201,2835
2027,2787,1701
2028,2140,2771
2029,1941,2053
2030,2817,1968
2031,1906,2012
2032,2860,2752
2033,1448,1410
2034,2622,1364
2035,2510,1315
2036,1675,1057
2037,1854,2211
2038,1349,1702
2039,1464,1704
2040,2522,1284
2041,1657,2702
2042,1710,1327
2043,2388,1278
2044,2321,1569
2045,1155,1060
2046,2821,1802
2047,2631,2713
2048,1615,1469
2049,1057,2465
2050,2573,1504
2051,1608,2725
2052,1774,1533
2053,1420,2035
2054,1878,1195
2055,1370,1442
2056,1835,1123
2057,1248,2148
2058,2219,1271
2059,2655,1289
2060,2237,1789
2061,2024,1716
2062,1635,1685
2063,2747,1843
2064,1532,2256
2065,1643,1350
2066,2361,2812
2067,2596,1518
2068,1222,1387
2069,1621,1649
2070,1644,2341
2071,2002,2808
2072,2558,2187
2073,2843,2471
2074,2542,1459
2075,1432,2122
2076,2174,1601
2077,2609,1368
2078,2808,1777
2079,2554,2667
2080,2880,1922
2081,1937,1394
2082,2492,2606
2083,1658,2071
2084,1264,2058
2085,2598,2179
2086,1684,2770
2087,1722,1963
2088,1843,2092
2089,2225,1191
2090,1358,2639
2091,2855,1987
2092,2382,2055
2093,1257,2660
2094,2721,2345
2095,1937,1780
2096,1746,1550
2097,2010,1558
2098,2194,1541
2099,2587,2711
2100,2226,1339
2101,2313,2531
2102,2009,1752
2103,2691,1222
2104,2803,1288
2105,2259,1224
2106,1851,1405
2107,2074,2188
2108,2012,2674
2109,1938,2536
2110,2175,1661
2111,2220,2306
2112,1249,2023
2113,2751,2454
2114,2357,2867
2115,1323,2487
2116,1909,2485
2117,1361,2598
2118,1666,2403
2119,2201,1204
2120,1095,1070
2121,2730,2124
2122,1386,1171
2123,2585,2625
2124,2411,1188
2125,2248,1518
2126,1933,1694
2127,2830,1962
2128,1909,1378
2129,2042,1611
2130,1416,1917
2131,2071,1635
2132,2309,2326
2133,1807,2224
2134,2846,2587
2135,1808,1534
2136,1671,2412
2137,1984,1311
2138,1058,2604
2139,1640,2439
2140,1928,1939
2141,1866,1440
2142,2354,1601
2143,2382,2713
2144,2475,2686
2145,2189,1144
2146,2319,1594
2147,1275,1155
2148,1319,1611
2149,2162,2042
2150,1408,1915
2151,2059,2489
2152,1588,1491
2153,1320,1323
2154,2298,2291
2155,1222,2692
2156,2547,2592
2157,1955,1125
2158,1818,2138
2159,2177,2067
2160,1724,1539
2161,1475,2143
2162,2263,2825
2163,1584,1543
2164,2030,1903
2165,2560,2621
2166,2654,2119
2167,2139,1385
2168,2092,2611
2169,1233,1658
2170,2842,2164
2171,2253,2549
2172,1476,1780
2173,2127,2026
2174,1299,2212
2175,1977,2259
2176,1124,1636
2177,2625,1366
2178,2392,1148
2179,1605,1949
2180,1347,2827
2181,2404,1263
2182,1478,2341
2183,1570,2176
2184,2007,1673
2185,1572,2506
2186,1496,2454
2187,1404,1547
2188,2237,1724
2189,1295,2841
2190,2645,2518
2191,1333,1426
2192,2634,1487
2193,1029,1277
2194,1188,2655
2195,2091,2518
2196,1318,1482
2197,1606,2260
2198,2313,2880
2199,2320,1339
2200,1404,2852
2201,2190,1605
2202,2814,2320
2203,1462,2596
2204,2722,1844
2205,1748,1597
2206,2800,1947
2207,1835,1263
2208,1456,1310
2209,2637,1413
2210,2218,2739
2211,1967,2432
2212,1878,1913
2213,1744,2789
2214,2840,2417
2215,2663,1313
2216,2163,1248
2217,1160,1439
2218,2075,1117
2219,2812,1476
2220,1470,1911
2221,2551,2738
2222,2193,1277
2223,1620,1417
2224,2040,2460
2225,1523,1151
2226,1916,2851
2227,2604,2026
2228,1052,1471
2229,2044,1074
2230,2191,1361
2231,2218,2572
2232,1108,1075
2233,1799,1721
2234,2495,2834
2235,2014,2687
2236,1845,2023
2237,2112,2395
2238,2543,1961
2239,1270,1659
2240,1845,1705
2241,1828,2718
2242,1598,2143
2243,1692,1346
2244,1522,1456
2245,1676,1187
2246,1470,1489
2247,2070,2116
2248,1249,1361
2249,2750,1601
2250,1569,1929
2251,1800,2561
2252,2378,1285
2253,1030,2295
2254,1587,2557
2255,1741,2567
2256,2532,1848
2257,2720,1231
2258,1675,2754
2259,2448,2333
2260,1397,1235
2261,2543,2745
2262,2673,2706
2263,2530,1384
2264,1318,1545
2265,1283,1059
2266,1533,1952
2267,2145,1259
2268,2332,2824
2269,1834,2455
2270,2417,1125
2271,2127,2481
2272,1288,1046
2273,2046,2654
2274,2263,1133
2275,2811,1089
2276,2622,2470
2277,2191,1188
2278,2683,1367
2279,2169,2823
2280,1657,2565
2281,1034,1174
2282,2203,1253
2283,2701,2753
2284,2226,1811
2285,2166,2027
2286,2051,2583
2287,1970,2467
2288,2206,2853
2289,2515,2726
2290,2114,1303
2291,1870,2614
2292,2303,2769
2293,2178,1782
2294,1793,1659
2295,1289,1159
2296,1457,2050
2297,2475,2774
2298,2817,2405
2299,1072,1580
2300,2311,2173
2301,1758,2166
2302,1709,1156
2303,2189,1883
2304,2411,2288
2305,2487,2505
2306,2454,1333
2307,2465,2850
2308,1524,1463
2309,1950,1248
2310,1309,1869
2311,2729,2151
2312,1997,2275
2313,2404,1743
2314,2677,2227
2315,2808,2765
2316,1656,2079
2317,1292,1696
2318,1795,1263
2319,2508,2470
2320,2229,1380
2321,1250,2011
2322,1599,1709
2323,1882,2442
2324,2843,2672
2325,1294,1632
2326,1132,1701
2327,1444,2490
2328,1957,2433
2329,1824,2161
2330,2839,2710
2331,1526,1531
2332,2129,2583
2333,1810,2461
2334,1613,2523
2335,1776,1829
2336,2694,2679
2337,1393,1731
2338,2492,1928
2339,2852,2548
2340,1888,1196
2341,1305,2307
2342,2041,2092
2343,1456,2555
2344,2176,2190
2345,2409,1377
2346,1971,2523
2347,1518,1362
2348,2388,2658
2349,1474,2060
2350,2532,2463
2351,1301,1806
2352,1998,1764
2353,2405,1336
2354,1996,2246
2355,1022,2674
2356,2330,1591
2357,2632,2525
2358,1345,2241
2359,1970,2181
2360,2817,2528
2361,2400,2775
2362,2768,2317
2363,2772,1506
2364,1265,1365
2365,1925,2250
2366,1927,1023
2367,2810,1348
2368,1724,2336
2369,1912,1362
2370,1733,1776
2371,2775,1779
2372,2038,2165
2373,1313,2765
2374,1534,2517
2375,2358,1724
2376,2227,2255
2377,2617,1738
2378,1875,1813
2379,2557,1350
2380,1438,2262
2381,2852,1422
2382,2006,1459
2383,1964,1324
2384,1384,2651
2385,1968,2772
2386,2105,1203
2387,2838,1485
2388,2771,1722
2389,1512,2536
2390,2242,2582
2391,1983,1284
2392,1536,1687
2393,2478,2171
2394,2375,1569
2395,1208,1822
2396,2041,1913
2397,1942,2758
2398,2464,2655
2399,2082,1828
2400,2754,2734
2401,1395,1235
2402,2291,1435
2403,2013,2800
2404,2872,1068
2405,2697,2679
2406,2695,1413
2407,2566,2023
2408,2073,2400
2409,1984,1965
2410,1597,2670
2411,2570,1914
2412,1898,1581
2413,2783,2173
2414,1976,1792
2415,2246,1943
2416,2733,2399
2417,1622,2207
2418,2173,1464
2419,1714,2855
2420,1875,1757
2421,1346,1917
2422,2472,2749
2423,1369,1346
2424,2164,2819
2425,1891,1191
2426,1870,1302
2427,1241,2063
2428,1544,1886
2429,1091,1050
2430,2049,2083
2431,2272,1021
2432,1256,2226
2433,1239,2127
2434,1627,1822
2435,2199,2106
2436,2018,2195
2437,2722,2311
2438,1387,1643
2439,2604,1817
2440,2610,2769
2441,1055,1814
2442,1697,1431
2443,2027,2597
2444,1524,1224
2445,1411,1551
2446,2038,1189
2447,1174,2668
2448,2391,1259
2449,2536,1964
2450,2658,2138
2451,2527,1589
2452,1243,1727
2453,2346,2499
2454,2156,2681
2455,1447,2546
2456,2434,1931
2457,1304,1357
2458,2510,1749
2459,1529,2438
2460,1695,1372
2461,2721,2598
2462,1866,2028
2463,1396,1965
2464,2018,1638
2465,2616,1738
2466,2008,2858
2467,2553,1623
2468,2353,2371
2469,1535,1801
2470,1957,1320
2471,2403,1259
2472,2684,1473
2473,2694,2362
2474,2723,1767
2475,2028,1729
2476,2531,1689
2477,2784,1694
2478,1243,2278
2479,1685,2442
2480,1723,1923
2481,2863,1849
2482,2801,2087
2483,1173,2510
2484,2257,1238
2485,1721,1513
2486,1360,1377
2487,1393,2307
2488,1642,1999
2489,1280,2594
2490,1351,1314
2491,1430,1147
2492,2785,2723
2493,1889,2629
2494,1577,2226
2495,1248,1927
2496,2351,1237
2497,1186,1151
2498,2037,1917
2499,2598,1455
2500,2590,1969
2501,2583,2018
2502,2073,1704
2503,1365,1193
2504,2241,2240
2505,2563,1525
2506,2151,1554
2507,2210,2569
2508,2105,2105
2509,2673,1753
2510,2559,1274
2511,1639,2763
2512,1403,1114
2513,2191,2416
2514,2086,1781
2515,2853,1255
2516,1979,2155
2517,2510,2575
2518,1169,1620
2519,2710,2208
2520,2038,2552
2521,1506,2355
2522,1266,2609
2523,1795,1935
2524,2574,1378
2525,1159,1595
2526,2067,1958
2527,1057,1098
2528,1111,2376
2529,2546,1357
2530,1302,2218
2531,1926,1912
2532,1110,1724
2533,1253,1152
2534,2361,1952
2535,1065,1982
2536,1347,2833
2537,1201,1307
2538,1603,1249
2539,1836,1573
2540,1152,1198
2541,2782,1366
2542,2653,1477
2543,1901,1968
2544,1168,1686
2545,1059,2713
2546,1928,2429
2547,1207,2125
2548,1750,2770
2549,2356,1429
2550,1986,1423
2551,1952,1698
2552,2349,1786
2553,2613,2044
2554,2203,2759
2555,1733,2763
2556,2321,1870
2557,1765,2144
2558,1492,1232
2559,2183,1460
2560,1352,1861
2561,2093,1682
2562,1563,1406
2563,2699,1525
2564,2723,2667
2565,1478,2363
2566,2518,2274
2567,1025,2455
2568,1785,2527
2569,2431,1329
2570,2239,1987
2571,2075,1938
2572,1441,2213
2573,1263,2114
2574,2216,2725
2575,1030,2483
2576,2717,2600
2577,1315,2859
2578,2341,2176
2579,1804,2513
2580,2621,2158
2581,2103,1589
2582,2692,1387
2583,2050,1549
2584,2166,1555
2585,2815,1591
2586,2028,1625
2587,2549,1144
2588,2326,2312
2589,1463,2709
2590,2526,1729
2591,2737,2319
2592,2812,1705
2593,1412,2111
2594,1946,1666
2595,1618,2296
2596,1997,2143
2597,2238,1165
2598,1206,2732
2599,2458,2689
2600,1949,2146
2601,2464,2600
2602,1459,2291
2603,2106,1428
2604,1598,1713
2605,1550,1690
2606,2426,1252
2607,1345,2373
2608,2621,1630
2609,1478,1921
2610,1162,2004
2611,2301,1175
2612,2120,1451
2613,2282,1043
2614,1295,1151
2615,1671,2066
2616,1576,1444
2617,2466,2456
2618,2137,2649
2619,2161,1291
2620,1370,2615
2621,2110,1755
2622,1790,2712
2623,1890,2436
2624,1909,1550
2625,1612,2057
2626,1551,1924
2627,2450,1927
2628,1594,2195
2629,1121,2609
2630,1083,2064
2631,2786,2300
2632,2647,2713
2633,2670,2500
2634,2583,2522
2635,2565,1422
2636,2056,2392
2637,2849,1854
2638,1717,1702
2639,2181,2273
2640,1661,1402
2641,2154,1991
2642,2856,1213
2643,2381,1903
2644,2563,2479
2645,1581,1630
2646,1153,1476
2647,1760,1318
2648,2247,2293
2649,2136,2121
2650,2393,1342
2651,1482,2622
2652,1038,1780
2653,2665,1476
2654,2291,1771
2655,2210,2705
2656,2084,2014
2657,2435,2037
2658,1599,2511
2659,1685,1646
2660,2048,2267
2661,2481,2623
2662,1511,2550
2663,1207,2285
2664,2780,1197
2665,1925,1862
2666,1504,1941
2667,2219,2604
2668,2612,1447
2669,1208,1983
2670,1217,2268
2671,2684,1164
2672,2241,1214
2673,1600,2358
2674,1351,1189
2675,1569,2745
2676,2285,2743
2677,2347,1642
2678,2372,2836
2679,1200,1792
2680,2549,2812
2681,1906,2587
2682,2833,2351
2683,2491,1757
2684,1866,2857
2685,1513,1320
2686,2275,1179
2687,1028,2400
2688,2661,1986
2689,2576,2540
2690,2589,1942
2691,2507,1519
2692,1697,1958
2693,1273,1585
2694,2267,1532
2695,1484,1514
2696,1766,1713
2697,1346,2824
2698,1929,1132
2699,1316,2023
2700,2746,1702
2701,1715,2149
2702,1293,1398
2703,1377,2300
2704,2146,1209
2705,1328,1443
2706,1724,2696
2707,1040,2736
2708,2742,1169
2709,1689,2421
2710,1147,1951
2711,2401,1391
2712,2140,1375
2713,2548,1473
2714,1672,2079
2715,2792,2512
2716,1273,1741
2717,1354,2094
2718,1623,2602
2719,2861,1375
2720,2648,1751
2721,1123,1930
2722,2152,1212
2723,2039,1454
2724,2805,1109
2725,2756,1893
2726,1573,1298
2727,1683,1307
2728,1671,2257
2729,2660,1908
2730,2724,1246
2731,1709,1771
2732,2593,1358
2733,2161,2854
2734,1988,1740
2735,2365,1284
2736,1616,1380
2737,2770,1443
2738,1431,1180
2739,2138,2290
2740,1469,2001
2741,2211,1707
2742,2558,2211
2743,2593,2081
2744,2511,1770
2745,1637,1643
2746,1371,1214
2747,1611,1706
2748,1371,2873
2749,1156,2790
2750,1988,1764
2751,2386,1154
2752,2735,2387
2753,2814,1916
2754,1218,1135
2755,2230,2759
2756,1933,1306
2757,1337,2742
2758,2024,1762
2759,1152,1841
2760,2634,1335
2761,1034,2609
2762,1688,1414
2763,2429,1806
2764,2698,2727
2765,2458,2738
2766,2772,1316
2767,1615,2370
2768,1928,2469
2769,1141,2728
2770,2037,1151
2771,1615,1815
2772,2421,1393
2773,1236,2593
2774,1451,2619
2775,1711,1232
2776,1800,1991
2777,2547,1596
2778,1612,2116
2779,2261,1455
2780,1432,1757
2781,2468,1241
2782,1966,2479
2783,2675,2676
2784,2323,1107
2785,1419,1581
2786,2751,1064
2787,1613,2462
2788,1082,1133
2789,2792,1963
2790,2784,2556
2791,1515,2401
2792,2753,1790
2793,1964,2029
2794,1572,1206
2795,1306,1679
2796,1527,2786
2797,2006,1536
2798,2436,2824
2799,2285,2664
2800,1423,2528
2801,2662,1282
2802,2174,1717
2803,1677,2244
2804,2527,1986
2805,2051,2439
2806,2348,1844
2807,1509,2722
2808,2750,2430
2809,1778,1383
2810,2808,1863
2811,1858,1606
2812,2543,2470
2813,2240,1545
2814,1593,1300
2815,2296,1187
2816,1071,1723
2817,1092,2547
2818,2107,2773
2819,1915,1684
2820,1988,1356
2821,2236,1930
2822,2338,1766
2823,2822,2110
2824,1598,2405
2825,2784,2342
2826,2247,1298
2827,1748,1440
2828,1311,1591
2829,1636,1843
2830,1931,1243
2831,2254,1181
2832,1626,2517
2833,1896,2548
2834,1504,2327
2835,1303,1358
2836,2359,2050
2837,2550,2152
2838,2738,2582
2839,2355,2729
2840,2476,2393
2841,1664,2724
2842,2484,2610
2843,2844,2564
2844,2777,2720
2845,1621,2548
2846,2412,2736
2847,2176,2431
2848,2214,2009
2849,1849,1606
2850,2273,1920
2851,1597,1246
2852,1821,1681
2853,2347,1054
2854,2714,2573
2855,1589,2219
2856,1890,1965
2857,1562,2193
2858,2182,2736
2859,1483,2789
2860,2236,2303
2861,1234,2479
2862,1482,1249
2863,2836,1214
2864,2850,2453
2865,1324,1370
2866,1093,2826
2867,1158,2517
2868,1728,1324
2869,2015,2567
2870,2218,2356
2871,1570,2255
2872,2122,2213
2873,1064,2722
2874,1589,1776
2875,2624,2833
2876,1449,1384
2877,1273,2083
2878,2422,2863
2879,1785,1113
2880,1668,1626
2881,2648,1227
2882,1565,1245
2883,1871,1903
2884,2664,1711
2885,2138,1476
2886,1217,2581
2887,2247,2428
2888,1484,2038
2889,1433,1285
2890,2148,2694
2891,2412,1481
2892,1415,1309
2893,2043,2088
2894,1146,1264
2895,2418,2638
2896,1926,1725
2897,2718,2021
2898,1953,1310
2899,1922,2675
2900,1399,2342
2901,2250,2693
2902,1333,1789
2903,1461,1351
2904,1422,2746
2905,1401,2713
2906,2203,2288
2907,1280,1214
2908,2487,1665
2909,2635,2495
2910,2712,1877
2911,2526,2232
2912,1893,1877
2913,2532,1977
2914,2371,2656
2915,1146,2672
2916,2195,1735
2917,1795,2634
2918,1039,1967
2919,1340,1171
2920,2232,1414
2921,1228,1387
2922,1798,1951
2923,2784,1905
2924,1495,1297
2925,1975,2306
2926,1567,1327
2927,2078,2092
2928,2049,2271
2929,2424,2401
2930,1424,2636
2931,1915,1421
2932,1544,2541
2933,2416,1504
2934,1743,2817
2935,2319,2448
2936,2145,1413
2937,1786,1757
2938,1601,2251
2939,1885,2623
2940,2402,1611
2941,1992,2124
2942,1471,1280
2943,2842,2110
2944,2686,1676
2945,1628,1119
2946,2748,1926
2947,1556,2390
2948,1319,1747
2949,2256,2780
2950,1884,2078
2951,1371,1495
2952,1446,2629
2953,2846,2788
2954,1607,2522
2955,1081,1226
2956,1402,1378
2957,1411,1689
2958,2458,2582
2959,1557,1608
2960,1909,2231
2961,2687,2157
2962,1358,1566
2963,2663,1825
2964,2819,2538
2965,2388,2706
2966,1452,2002
2967,1541,2693
2968,1160,1453
2969,2685,2838
2970,1254,2783
2971,2411,2068
2972,1690,1515
2973,2740,1471
2974,1733,1734
2975,2178,2852
2976,2256,2649
2977,2860,1604
2978,2247,1266
2979,1905,2796
2980,2465,2499
2981,2298,2711
2982,1611,1618
2983,2033,1990
2984,2758,1822
2985,2312,1445
2986,2248,2465
2987,2016,1975
2988,2731,2773
2989,2301,2740
2990,1184,1780
2991,2716,1218
2992,2780,2523
2993,1471,2120
2994,1728,1977
2995,2139,2789
2996,2794,1082
2997,1776,1368
2998,2415,1924
2999,2805,2754
3000,1981,1236
3001,2529,1096
3002,1227,2683
3003,2782,1432
3004,1872,1566
3005,1384,2059
3006,2719,1443
3007,1562,1182
3008,1753,1745
3009,2717,2046
3010,1530,2756
3011,1573,2294
3012,2449,1158
3013,2333,1516
3014,2128,1148
3015,2033,2601
3016,1365,2503
3017,1733,2580
3018,2347,2229
3019,1974,2253
3020,1816,2092
3021,1497,2332
3022,1313,2587
3023,2047,2206
3024,1396,2015
3025,1139,1493
3026,1624,1273
3027,2651,1848
3028,1067,2766
3029,2517,1763
3030,1232,1037
3031,2307,2373
3032,2750,1784
3033,1114,1308
3034,2759,1433
3035,1595,2103
3036,1250,2698
3037,2486,1317
3038,2097,1651
3039,1467,2230
3040,2818,2791
3041,2282,1439
3042,2655,1888
3043,1991,1751
3044,1639,2389
3045,1660,2585
3046,2723,2350
3047,2410,2770
3048,2709,1923
3049,1918,2376
3050,1536,1834
3051,1907,1268
3052,2034,2103
3053,1972,2665
3054,2612,1551
3055,2607,1954
3056,1389,1260
3057,2651,1148
3058,2541,2597
3059,1124,2490
3060,2723,2712
3061,2383,2759
3062,1775,1391
3063,2574,1613
3064,2145,1332
3065,2009,2726
3066,1875,2639
3067,2593,1162
3068,1645,1084
3069,1823,1562
3070,1851,2356
3071,1720,1847
3072,1963,2376
3073,1526,2361
3074,1811,1983
3075,2711,1701
3076,1280,1313
3077,1680,2811
3078,1341,1699
3079,1144,2738
3080,2728,2257
3081,2402,1595
3082,1130,1510
3083,1505,1980
3084,2068,1713
3085,2224,2533
3086,2089,1595
3087,2049,2322
3088,2164,2782
3089,1759,2674
3090,1159,2026
3091,2082,2368
3092,1426,2632
3093,1436,1632
3094,1293,1608
3095,1957,1777
3096,2091,1129
3097,2355,2326
3098,2723,2491
3099,1052,1127
3100,1897,1569
3101,1521,1801
3102,2243,2137
3103,2625,1724
3104,2220,1391
3105,1594,1709
3106,2440,2726
3107,1472,1307
3108,1806,2319
3109,2283,1548
3110,1192,1874
3111,1754,1951
3112,1285,1564
3113,1429,2349
3114,1230,2284
3115,1340,1107
3116,1878,2511
3117,2589,2359
3118,1204,1563
3119,1823,1053
3120,1647,1414
3121,1640,2690
3122,2223,1192
3123,2258,1402
3124,1314,2167
3125,2013,2345
3126,2846,1679
3127,2312,1252
3128,2099,2034
3129,2679,2508
3130,1578,2566
3131,2411,2479
3132,1758,1760
3133,2781,1873
3134,1225,1421
3135,2841,1058
3136,2455,1925
3137,1347,2151
3138,1813,2616
3139,1969,1970
3140,1191,2318
3141,2371,1911
3142,2067,1914
3143,1760,2083
3144,1431,1658
3145,1645,1455
3146,1241,2405
3147,2795,1466
3148,2857,1434
3149,2076,2789
3150,2414,1128
3151,2771,1163
3152,2736,2685
3153,2768,2034
3154,1708,1513
3155,1958,2246
3156,2046,2512
3157,2852,2859
3158,2491,2724
3159,2305,1959
3160,1279,1681
3161,1703,2533
3162,1853,1563
3163,1516,2764
3164,2563,2679
3165,1472,2319
3166,1334,1118
3167,2782,2172
3168,1773,1389
3169,1498,2437
3170,1158,2611
3171,2469,1798
3172,2544,2646
3173,1140,1255
3174,1167,2434
3175,2028,2005
3176,2516,1571
3177,2083,2303
3178,2703,2757
3179,1138,2485
3180,1841,2869
3181,2522,1733
3182,1568,1205
3183,1653,1220
3184,1283,2348
3185,2207,1598
3186,2423,1451
3187,1916,2488
3188,2825,1628
3189,1883,2217
3190,2851,1345
3191,2483,1191
3192,1914,1950
3193,2138,1457
3194,2501,2625
3195,1643,1333
3196,1871,2829
3197,2183,2542
3198,1460,1754
3199,2290,1557
3200,1369,1912
3201,2329,1563
3202,2283,1974
3203,1420,2681
3204,1589,1274
3205,1925,1282
3206,1694,1192
3207,1453,2054
3208,1659,1704
3209,1177,2585
3210,1038,1638
3211,2339,2400
3212,1547,2040
3213,1275,1318
3214,2850,2741
3215,1346,2782
3216,2259,2381
3217,1762,2220
3218,2230,2635
3219,2498,2200
3220,1270,1190
3221,1690,2752
3222,1989,2202
3223,1815,2767
3224,2192,2167
3225,2543,1112
3226,2358,2038
3227,1853,1153
3228,1728,2844
3229,1142,2059
3230,1655,2741
3231,2190,1561
3232,1295,2827
3233,1739,2575
3234,1674,1149
3235,2639,2678
3236,1640,2489
3237,1889,2499
3238,1572,2483
3239,2379,2233
3240,1840,1143
3241,2818,2674
3242,2193,1660
3243,1757,1448
3244,2178,2423
3245,1812,1334
3246,2512,2311
3247,1314,2627
3248,2268,2179
3249,2356,1880
3250,1452,2614
3251,2139,1727
3252,1116,1776
3253,2475,2538
3254,2554,1577
3255,1275,2683
3256,1176,1848
3257,1843,2763
3258,1889,2673
3259,2464,2574
3260,2099,2269
3261,1603,2742
3262,2006,1209
3263,2285,2325
3264,2440,2148
3265,2692,2492
3266,2153,2436
3267,1580,1565
3268,2741,2511
3269,2537,2028
3270,2601,2011
3271,1653,1426
3272,2725,2722
3273,1357,1425
3274,2141,2506
3275,2501,2639
3276,2663,2860
3277,1287,1288
3278,2694,1208
3279,2474,1915
3280,1578,1742
3281,1230,1235
3282,2751,2088
3283,2534,2357
3284,1672,2361
3285,1635,2757
3286,1661,2163
3287,2257,2461
3288,1784,2194
3289,2566,1325
3290,1395,1994
3291,1367,1855
3292,1804,1930
3293,2631,2385
3294,1489,2493
3295,2815,2743
3296,1245,1086
3297,2410,1181
3298,2815,2194
3299,1215,1730
3300,2866,1046
3301,1610,1290
3302,2332,1820
3303,1615,1945
3304,2450,1917
3305,1973,2287
3306,2194,1302
3307,1819,2164
3308,2562,2738
3309,1448,2245
3310,2672,1999
3311,1322,1377
3312,2428,1531
3313,2579,1910
3314,2206,1246
3315,1411,1326
3316,1436,2786
3317,2523,2260
3318,2525,2704
3319,1496,2082
3320,1974,1694
3321,1575,2039
3322,1744,1689
3323,1968,2322
3324,2765,1867
3325,2006,2543
3326,1598,2424
3327,2335,1413
3328,2540,2627
3329,1458,1334
3330,2335,1400
3331,1598,1700
3332,2326,1709
3333,1399,1464
3334,1521,1400
3335,1927,1555
3336,2328,1557
3337,2877,2645
3338,1588,1585
3339,2035,2248
3340,2808,1244
3341,2572,2465
3342,2593,2585
3343,2118,2636
3344,1838,1338
3345,1688,1805
3346,1917,1506
3347,2551,1868
3348,1356,1252
3349,2017,2810
3350,2766,2688
3351,1230,1990
3352,1347,1390
3353,2425,1662
3354,2700,1998
3355,1973,1038
3356,2112,1938
3357,1949,1149
3358,2441,1501
3359,2044,1696
3360,2681,2240
3361,2675,2812
3362,1803,2223
3363,1248,2594
3364,2840,2415
3365,2770,1731
3366,1401,2551
3367,2636,2802
3368,1569,2603
3369,1171,1527
3370,2309,2718
3371,1499,2467
3372,2333,2117
3373,2517,1560
3374,1405,2261
3375,2704,1648
3376,1552,1906
3377,2408,1407
3378,2181,1404
3379,1822,1876
3380,2679,1225
3381,1245,1341
3382,1084,1610
3383,1486,1211
3384,2406,1278
3385,2366,2669
3386,2689,1563
3387,2490,2507
3388,1671,1257
3389,2167,1758
3390,2001,2401
3391,2675,2076
3392,1823,2145
3393,1318,1933
3394,1791,1470
3395,2328,2729
3396,2045,2432
3397,2433,1534
3398,1233,1165
3399,2063,2185
3400,1883,1954
3401,1403,2508
3402,1305,1327
3403,2567,2462
3404,1331,1502
3405,2039,1533
3406,2190,1112
3407,1406,2846
3408,1494,1339
3409,1727,1901
3410,1027,2476
3411,2798,2045
3412,1101,2516
3413,1250,1808
3414,1485,2219
3415,1660,1211
3416,2689,2101
3417,2701,1279
3418,2837,2170
3419,2184,1319
3420,2732,2208
3421,2299,2476
3422,1031,1295
3423,1562,1273
3424,2142,1358
3425,2100,1689
3426,1264,1587
3427,2392,2474
3428,1986,1277
3429,1761,2375
3430,1834,1909
3431,2707,1958
3432,2318,1993
3433,2466,2567
3434,1392,1174
3435,2813,2842
3436,1951,1583
3437,1161,1307
3438,2379,2672
3439,2680,2197
3440,1895,2856
3441,1582,2193
3442,2117,1932
3443,1174,2533
3444,1281,2814
3445,2753,2637
3446,1247,1592
3447,1899,1435
3448,2292,2832
3449,1301,1499
3450,2209,1799
3451,2572,1923
3452,1590,2592
3453,1356,2306
3454,1762,1758
3455,2498,1491
3456,1643,2155
3457,1855,1409
3458,2493,2622
3459,2553,1348
3460,1192,2475
3461,1991,1604
3462,1750,1835
3463,2391,2457
3464,2031,1199
3465,2811,2517
3466,1773,2218
3467,2507,1221
3468,1729,1812
3469,2729,2207
3470,2171,2115
3471,1843,1337
3472,1506,2873
3473,1890,1361
3474,2165,1795
3475,2651,1250
3476,2526,2520
3477,1076,1187
3478,1813,2073
3479,2653,2704
3480,1419,1502
3481,1830,2252
3482,2768,2418
3483,2369,2646
3484,1544,2224
3485,1132,2715
3486,2538,2037
3487,1352,2641
3488,1695,1426
3489,1940,2660
3490,2694,1304
3491,1683,1694
3492,2560,2075
3493,2153,1782
3494,1348,2691
3495,1386,2705
3496,2396,2394
3497,2044,2024
3498,1401,2227
3499,1578,1627
3500,1151,2578
3501,2364,1418
3502,1263,2047
3503,1664,1085
3504,2449,2039
3505,1135,2263
3506,2267,1669
3507,2444,2072
3508,1441,2635
3509,2168,2043
3510,2208,1486
3511,2431,2577
3512,2142,1917
3513,2735,2799
3514,1136,2575
3515,2171,1484
3516,1654,2728
3517,1145,2610
3518,1357,2746
3519,2378,1741
3520,1528,1523
3521,1528,1880
3522,1423,1555
3523,1629,1938
3524,2068,2229
3525,1302,2384
3526,1091,2322
3527,1494,2823
3528,1158,1196
3529,1691,1671
3530,2611,2711
3531,2832,1839
3532,1858,1363
3533,1971,2316
3534,1949,1538
3535,1823,2840
3536,1241,2221
3537,2045,2049
3538,1887,1235
3539,2786,1213
3540,2824,2259
3541,2289,1868
3542,2516,2087
3543,1851,2764
3544,1377,1763
3545,1320,2596
3546,2612,2438
3547,2706,1780
3548,1290,1572
3549,2274,1812
3550,1166,1816
3551,1809,1966
3552,2101,2724
3553,1923,2545
3554,1662,1257
3555,2116,2504
3556,1691,2403
3557,2421,1306
3558,1797,1667
3559,1481,2178
3560,1797,2155
3561,1714,1809
3562,1247,1375
3563,1493,1877
3564,2841,1214
3565,2315,1845
3566,2131,2722
3567,2018,2285
3568,2630,1356
3569,2292,2160
3570,2383,2868
3571,1394,2076
3572,1640,1881
3573,2794,1539
3574,1750,1604
3575,2251,1347
3576,2160,1596
3577,1388,2867
3578,1188,2606
3579,2240,1806
3580,1865,1927
3581,1710,1802
3582,2172,2286
3583,2334,2860
3584,2040,2633
3585,2436,2791
3586,1677,1346
3587,2397,2761
3588,1501,2077
3589,2096,1251
3590,1757,1215
3591,2119,2845
3592,1815,1997
3593,2150,2264
3594,1321,1666
3595,2160,1303
3596,1353,1566
3597,2366,1363
3598,2813,2861
3599,1131,1125
3600,1781,1817
3601,1308,2659
3602,2250,1177
3603,2748,1272
3604,1363,2732
3605,2658,1578
3606,2581,1617
3607,2565,1500
3608,2688,2845
3609,2660,1568
3610,2457,1173
3611,1068,1730
3612,2569,1412
3613,1598,1424
3614,2205,2225
3615,2452,2457
3616,1155,1712
3617,2589,2585
3618,1381,2071
3619,1983,2112
3620,1917,2354
3621,1513,1316
3622,2240,2455
3623,2496,2167
3624,2559,1204
3625,2391,1143
3626,2468,1664
3627,2325,2676
3628,1384,2833
3629,2103,2815
3630,2524,1662
3631,2821,2364
3632,2552,1383
3633,2654,2782
3634,1291,1447
3635,1707,2320
3636,1688,2126
3637,2174,1805
3638,2271,1093
3639,1720,2566
3640,1533,2582
3641,1527,1297
3642,1247,2164
3643,2603,1541
3644,2085,2851
3645,1328,2311
3646,1756,2813
3647,2733,1163
3648,2265,2557
3649,1337,1835
3650,1303,2388
3651,2484,1439
3652,1684,1866
3653,2078,1850
3654,1965,2185
3655,1501,2760
3656,1070,2600
3657,2360,1823
3658,1626,2084
3659,1064,1820
3660,2342,1510
3661,1612,1451
3662,1546,1883
3663,1652,1998
3664,1655,2729
3665,2495,1662
3666,1223,1237
3667,2592,1322
3668,2273,2344
3669,1519,1633
3670,1974,2621
3671,1382,2061
3672,1371,2484
3673,1955,2639
3674,1871,2087
3675,2177,1538
3676,2416,2682
3677,1406,2744
3678,2587,2045
3679,2577,1608
3680,1330,1619
3681,1218,1676
3682,2202,2358
3683,2068,2664
3684,2451,2647
3685,1307,2510
3686,2489,2434
3687,1368,1292
3688,2318,2199
3689,1708,1089
3690,2432,2721
3691,2269,2485
3692,1926,2081
3693,2643,1148
3694,2416,2555
3695,1148,2113
3696,2449,2456
3697,2070,2315
3698,1752,2477
3699,2189,2167
3700,1969,1980
3701,2599,2663
3702,1090,2338
3703,2254,2214
3704,2655,2109
3705,1206,2520
3706,2364,1442
3707,1860,2096
3708,1780,2176
3709,1844,2287
3710,2780,2260
3711,1474,1965
3712,1415,2133
3713,1413,2142
3714,1996,1700
3715,2381,1262
3716,1384,1634
3717,1080,2685
3718,2573,1632
3719,2173,2241
3720,2361,2429
3721,2838,2657
3722,1215,1181
3723,2011,1623
3724,1920,1778
3725,1600,2490
3726,1656,1132
3727,1698,2356
3728,2057,1149
3729,1644,1276
3730,1658,1232
3731,2721,2418
3732,2311,2598
3733,2170,1736
3734,1913,2658
3735,1503,1608
3736,2614,2813
3737,2492,1492
3738,2817,2156
3739,2551,1287
3740,1173,1198
3741,1465,1699
3742,1400,1392
3743,2149,1763
3744,1826,1204
3745,1564,1654
3746,1596,2352
3747,1807,2686
3748,1680,1505
3749,1683,2773
